"position","cases1","VE1","P1","ws1","cases0","VE0","P0","ws0","diffP"
"31","9 (0.2) vs. 5 (0.1)","-78.3 (-432.0, 40.3)","0.3","","110 (2.7) vs. 110 (2.7)","1.2 (-28.7, 24.1)","0.93","","0.31"
"31a","109 (2.7) vs. 105 (2.6)","-2.6 (-34.1, 21.5)","0.85","","10 (0.2) vs. 10 (0.2)","0.9 (-138.1, 58.8)","0.98","","0.94"
"32","16 (0.4) vs. 18 (0.4)","12.1 (-72.4, 55.2)","0.71","","103 (2.5) vs. 97 (2.4)","-5.0 (-38.5, 20.4)","0.73","","0.63"
"33","11 (0.3) vs. 15 (0.4)","27.5 (-57.8, 66.7)","0.42","","108 (2.6) vs. 100 (2.5)","-6.8 (-40.1, 18.7)","0.64","","0.36"
"34","96 (2.4) vs. 94 (2.3)","-1.0 (-34.3, 24.0)","0.94","","23 (0.6) vs. 21 (0.5)","-8.0 (-95.1, 40.2)","0.8","","0.83"
"46","33 (0.8) vs. 34 (0.8)","4.0 (-55.0, 40.5)","0.87","","86 (2.1) vs. 81 (2)","-4.9 (-42.2, 22.5)","0.76","","0.76"
"47","16 (0.4) vs. 13 (0.3)","-21.5 (-152.5, 41.6)","0.6","","103 (2.5) vs. 102 (2.5)","0.1 (-31.3, 24.1)","0.99","","0.62"
"49","110 (2.7) vs. 111 (2.8)","2.0 (-27.5, 24.7)","0.88","","9 (0.2) vs. 4 (0.1)","-122.7 (-623.0, 31.4)","0.18","","0.18"
"50","94 (2.3) vs. 96 (2.4)","3.2 (-28.6, 27.2)","0.82","","25 (0.6) vs. 19 (0.5)","-30.1 (-136.2, 28.4)","0.39","","0.38"
"51","111 (2.7) vs. 108 (2.7)","-1.6 (-32.5, 22.0)","0.91","","8 (0.2) vs. 7 (0.2)","-12.7 (-210.7, 59.1)","0.82","","0.84"
"60","104 (2.6) vs. 97 (2.4)","-6.0 (-39.8, 19.6)","0.68","","15 (0.4) vs. 18 (0.4)","17.6 (-63.5, 58.5)","0.58","","0.5"
"62","78 (1.9) vs. 85 (2.1)","9.3 (-23.3, 33.3)","0.53","","41 (1) vs. 30 (0.7)","-35.3 (-116.6, 15.5)","0.21","","0.17"
"63","11 (0.3) vs. 12 (0.3)","8.9 (-106.6, 59.8)","0.82","","108 (2.6) vs. 103 (2.6)","-3.6 (-35.7, 20.9)","0.8","","0.76"
"65","108 (2.6) vs. 104 (2.6)","-2.7 (-34.4, 21.6)","0.85","","11 (0.3) vs. 11 (0.3)","1.1 (-128.1, 57.1)","0.98","","0.93"
"68$^{\P}$","92 (2.3) vs. 102 (2.5)","10.8 (-18.2, 32.7)","0.43","","27 (0.7) vs. 13 (0.3)","-105.2 (-297.6, -5.9)","0.033","","0.023"
"80","99 (2.4) vs. 88 (2.2)","-11.2 (-48.2, 16.6)","0.47","","20 (0.5) vs. 27 (0.7)","26.7 (-30.7, 58.9)","0.29","","0.2"
"82","107 (2.6) vs. 97 (2.4)","-9.0 (-43.5, 17.2)","0.54","","12 (0.3) vs. 18 (0.4)","34.0 (-37.1, 68.2)","0.27","","0.21"
"84","38 (0.9) vs. 33 (0.8)","-14.0 (-81.7, 28.5)","0.58","","81 (2) vs. 82 (2)","2.4 (-32.7, 28.2)","0.88","","0.59"
"85","68 (1.7) vs. 71 (1.8)","5.4 (-32.0, 32.1)","0.75","","51 (1.3) vs. 44 (1.1)","-14.7 (-71.6, 23.4)","0.51","","0.47"
"86","108 (2.6) vs. 104 (2.6)","-2.7 (-34.4, 21.6)","0.85","","11 (0.3) vs. 11 (0.3)","1.1 (-128.0, 57.1)","0.98","","0.93"
"87","24 (0.6) vs. 22 (0.5)","-7.9 (-92.4, 39.5)","0.8","","95 (2.3) vs. 93 (2.3)","-1.0 (-34.4, 24.1)","0.95","","0.84"
"92","107 (2.6) vs. 99 (2.5)","-6.9 (-40.5, 18.7)","0.63","","12 (0.3) vs. 16 (0.4)","26.0 (-56.5, 65.0)","0.43","","0.37"
"99","104 (2.6) vs. 102 (2.5)","-0.8 (-32.4, 23.3)","0.96","","15 (0.4) vs. 13 (0.3)","-14.2 (-140.1, 45.6)","0.73","","0.76"
"102","105 (2.6) vs. 106 (2.6)","2.1 (-28.2, 25.2)","0.88","","14 (0.3) vs. 9 (0.2)","-54.1 (-256.0, 33.3)","0.31","","0.31"
"108","21 (0.5) vs. 11 (0.3)","-88.4 (-290.8, 9.1)","0.089","","98 (2.4) vs. 104 (2.6)","6.8 (-22.8, 29.3)","0.62","","0.076"
"113$^{\P}$","107 (2.6) vs. 114 (2.8)","7.2 (-20.8, 28.7)","0.58","","12 (0.3) vs. 1 (0)","-Inf (-Inf, -53.8)","0.018","","0.015"
"114","91 (2.2) vs. 91 (2.3)","1.1 (-32.2, 26.1)","0.94","","28 (0.7) vs. 24 (0.6)","-15.3 (-98.8, 33.2)","0.61","","0.62"
"130","77 (1.9) vs. 73 (1.8)","-4.3 (-43.6, 24.3)","0.8","","42 (1) vs. 42 (1)","1.2 (-51.6, 35.6)","0.96","","0.84"
"152a","7 (0.2) vs. 7 (0.2)","1.0 (-182.2, 65.3)","0.98","","112 (2.7) vs. 108 (2.7)","-2.5 (-33.5, 21.3)","0.85","","0.95"
"152h","108 (2.6) vs. 104 (2.6)","-2.7 (-34.4, 21.6)","0.85","","11 (0.3) vs. 11 (0.3)","1.3 (-127.7, 57.2)","0.98","","0.93"
"152i","110 (2.7) vs. 104 (2.6)","-4.6 (-36.7, 20.0)","0.74","","9 (0.2) vs. 11 (0.3)","19.2 (-95.0, 66.5)","0.64","","0.58"
"152j","112 (2.7) vs. 105 (2.6)","-5.4 (-37.6, 19.2)","0.7","","7 (0.2) vs. 10 (0.2)","30.8 (-81.9, 73.6)","0.46","","0.41"
"152k","113 (2.8) vs. 106 (2.6)","-5.4 (-37.4, 19.1)","0.7","","6 (0.1) vs. 9 (0.2)","34.1 (-85.3, 76.5)","0.43","","0.39"
"152l","113 (2.8) vs. 106 (2.6)","-5.4 (-37.4, 19.1)","0.7","","6 (0.1) vs. 9 (0.2)","34.1 (-85.3, 76.5)","0.43","","0.39"
"152m","113 (2.8) vs. 107 (2.7)","-4.4 (-36.0, 19.8)","0.75","","6 (0.1) vs. 8 (0.2)","25.8 (-113.7, 74.3)","0.58","","0.54"
"155$^{\P}$","91 (2.2) vs. 74 (1.8)","-21.6 (-65.2, 10.6)","0.21","","28 (0.7) vs. 41 (1)","32.5 (-9.2, 58.2)","0.11","","0.043"
"158","105 (2.6) vs. 107 (2.7)","3.0 (-27.0, 25.9)","0.83","","14 (0.3) vs. 8 (0.2)","-72.5 (-311.3, 27.6)","0.22","","0.21"
"160","111 (2.7) vs. 103 (2.6)","-6.5 (-39.3, 18.5)","0.64","","8 (0.2) vs. 12 (0.3)","34.1 (-61.2, 73.1)","0.36","","0.31"
"161","22 (0.5) vs. 25 (0.6)","13.0 (-54.2, 51.0)","0.63","","97 (2.4) vs. 90 (2.2)","-6.6 (-42.0, 20.0)","0.66","","0.54"
"164","104 (2.6) vs. 109 (2.7)","5.7 (-23.4, 27.9)","0.67","","15 (0.4) vs. 6 (0.1)","-147.0 (-536.6, 4.2)","0.061","","0.055"
"165","56 (1.4) vs. 44 (1.1)","-25.9 (-86.8, 15.2)","0.25","","63 (1.5) vs. 71 (1.8)","12.3 (-23.1, 37.5)","0.45","","0.17"
"166$^{\P}$","88 (2.2) vs. 102 (2.5)","14.7 (-13.5, 35.8)","0.28","","31 (0.8) vs. 13 (0.3)","-135.3 (-349.7, -23.1)","0.0096","","0.0049"
"168","104 (2.6) vs. 101 (2.5)","-1.8 (-33.8, 22.6)","0.9","","15 (0.4) vs. 14 (0.3)","-6.1 (-119.8, 48.8)","0.87","","0.92"
"171","69 (1.7) vs. 77 (1.9)","11.4 (-22.6, 36.0)","0.47","","50 (1.2) vs. 38 (0.9)","-30.0 (-98.2, 14.7)","0.22","","0.16"
"172","51 (1.3) vs. 60 (1.5)","16.0 (-22.1, 42.1)","0.36","","68 (1.7) vs. 55 (1.4)","-22.2 (-74.4, 14.3)","0.27","","0.15"
"173$^{\P}$","85 (2.1) vs. 98 (2.4)","14.2 (-14.7, 35.8)","0.3","","34 (0.8) vs. 17 (0.4)","-97.4 (-253.4, -10.3)","0.022","","0.012"
"175","110 (2.7) vs. 108 (2.7)","-0.7 (-31.3, 22.8)","0.96","","9 (0.2) vs. 7 (0.2)","-27.0 (-241.1, 52.7)","0.63","","0.66"
"178","67 (1.6) vs. 61 (1.5)","-8.6 (-53.6, 23.3)","0.64","","52 (1.3) vs. 54 (1.3)","4.8 (-39.4, 34.9)","0.8","","0.62"
"179","70 (1.7) vs. 60 (1.5)","-15.3 (-62.8, 18.3)","0.42","","49 (1.2) vs. 55 (1.4)","11.9 (-29.4, 40.1)","0.52","","0.31"
"182","95 (2.3) vs. 96 (2.4)","2.2 (-29.9, 26.3)","0.88","","24 (0.6) vs. 19 (0.5)","-24.9 (-128.0, 31.6)","0.47","","0.47"
"183","81 (2) vs. 83 (2.1)","3.6 (-31.0, 29.0)","0.82","","38 (0.9) vs. 32 (0.8)","-17.5 (-88.0, 26.6)","0.5","","0.49"
"184","94 (2.3) vs. 95 (2.4)","2.2 (-30.1, 26.4)","0.88","","25 (0.6) vs. 20 (0.5)","-23.5 (-122.3, 31.4)","0.48","","0.48"
"185h","106 (2.6) vs. 109 (2.7)","3.8 (-25.6, 26.4)","0.77","","13 (0.3) vs. 6 (0.1)","-113.5 (-461.8, 18.8)","0.12","","0.12"
"185i","98 (2.4) vs. 104 (2.6)","6.8 (-22.8, 29.3)","0.62","","21 (0.5) vs. 11 (0.3)","-88.1 (-290.2, 9.3)","0.09","","0.076"
"185j$^{\P}$","93 (2.3) vs. 103 (2.6)","10.7 (-18.2, 32.5)","0.43","","26 (0.6) vs. 12 (0.3)","-113.8 (-323.6, -7.9)","0.03","","0.02"
"185k","88 (2.2) vs. 94 (2.3)","7.4 (-23.8, 30.8)","0.6","","31 (0.8) vs. 21 (0.5)","-45.9 (-153.8, 16.2)","0.18","","0.15"
"185l","76 (1.9) vs. 87 (2.2)","13.7 (-17.4, 36.5)","0.35","","43 (1.1) vs. 28 (0.7)","-52.0 (-144.6, 5.6)","0.085","","0.051"
"185m","70 (1.7) vs. 80 (2)","13.5 (-19.2, 37.3)","0.37","","49 (1.2) vs. 35 (0.9)","-38.5 (-113.7, 10.3)","0.14","","0.088"
"185n","60 (1.5) vs. 70 (1.7)","15.3 (-19.6, 40.0)","0.35","","59 (1.4) vs. 45 (1.1)","-29.7 (-91.1, 12.0)","0.19","","0.11"
"185o","52 (1.3) vs. 61 (1.5)","15.7 (-22.0, 41.8)","0.36","","67 (1.6) vs. 54 (1.3)","-22.7 (-75.5, 14.3)","0.26","","0.15"
"185p","7 (0.2) vs. 10 (0.2)","30.6 (-82.3, 73.6)","0.46","","112 (2.7) vs. 105 (2.6)","-5.4 (-37.6, 19.2)","0.7","","0.41"
"185q","24 (0.6) vs. 20 (0.5)","-18.6 (-114.7, 34.5)","0.57","","95 (2.3) vs. 95 (2.4)","1.1 (-31.4, 25.6)","0.94","","0.59"
"192","67 (1.6) vs. 64 (1.6)","-3.5 (-45.8, 26.5)","0.84","","52 (1.3) vs. 51 (1.3)","-0.8 (-48.3, 31.5)","0.97","","0.92"
"195","107 (2.6) vs. 109 (2.7)","2.9 (-26.8, 25.6)","0.83","","12 (0.3) vs. 6 (0.1)","-96.7 (-424.2, 26.2)","0.18","","0.17"
"198$^{\P}$","95 (2.3) vs. 78 (1.9)","-20.4 (-62.4, 10.8)","0.22","","24 (0.6) vs. 37 (0.9)","35.9 (-7.2, 61.6)","0.09","","0.038"
"200$^{\P}$","79 (1.9) vs. 91 (2.3)","14.2 (-16.0, 36.5)","0.32","","40 (1) vs. 24 (0.6)","-64.8 (-173.4, 0.6)","0.053","","0.03"
"201","90 (2.2) vs. 76 (1.9)","-17.1 (-58.9, 13.7)","0.31","","29 (0.7) vs. 39 (1)","26.5 (-18.8, 54.6)","0.21","","0.11"
"202","101 (2.5) vs. 101 (2.5)","1.2 (-30.2, 25.0)","0.93","","18 (0.4) vs. 14 (0.3)","-27.3 (-156.0, 36.7)","0.5","","0.51"
"208","110 (2.7) vs. 101 (2.5)","-7.7 (-41.1, 17.8)","0.59","","9 (0.2) vs. 14 (0.3)","36.5 (-46.8, 72.5)","0.29","","0.24"
"209","69 (1.7) vs. 77 (1.9)","11.4 (-22.6, 36.0)","0.47","","50 (1.2) vs. 38 (0.9)","-30.0 (-98.3, 14.7)","0.22","","0.16"
"211","106 (2.6) vs. 108 (2.7)","3.0 (-26.9, 25.8)","0.83","","13 (0.3) vs. 7 (0.2)","-83.6 (-360.1, 26.8)","0.2","","0.19"
"223","97 (2.4) vs. 104 (2.6)","7.8 (-21.5, 30.1)","0.56","","22 (0.5) vs. 11 (0.3)","-98.3 (-308.9, 3.9)","0.064","","0.054"
"229","113 (2.8) vs. 105 (2.6)","-6.4 (-38.8, 18.4)","0.65","","6 (0.1) vs. 10 (0.2)","40.7 (-63.2, 78.4)","0.31","","0.27"
"230","97 (2.4) vs. 92 (2.3)","-4.2 (-38.6, 21.7)","0.78","","22 (0.5) vs. 23 (0.6)","5.3 (-69.9, 47.2)","0.85","","0.77"
"231","86 (2.1) vs. 82 (2)","-3.7 (-40.3, 23.4)","0.82","","33 (0.8) vs. 33 (0.8)","1.1 (-60.2, 39.0)","0.96","","0.87"
"232","109 (2.7) vs. 105 (2.6)","-2.6 (-34.2, 21.5)","0.85","","10 (0.2) vs. 10 (0.2)","1.0 (-137.8, 58.8)","0.98","","0.94"
"236","101 (2.5) vs. 98 (2.4)","-1.9 (-34.5, 22.8)","0.9","","18 (0.4) vs. 17 (0.4)","-4.7 (-103.1, 46.0)","0.89","","0.94"
"244","112 (2.7) vs. 108 (2.7)","-2.5 (-33.5, 21.3)","0.85","","7 (0.2) vs. 7 (0.2)","1.1 (-182.0, 65.3)","0.98","","0.95"
"266","105 (2.6) vs. 98 (2.4)","-5.9 (-39.5, 19.6)","0.68","","14 (0.3) vs. 17 (0.4)","18.6 (-65.2, 59.9)","0.57","","0.5"
"267","107 (2.6) vs. 94 (2.3)","-12.5 (-48.4, 14.7)","0.4","","12 (0.3) vs. 21 (0.5)","43.5 (-14.9, 72.2)","0.11","","0.076"
"269","21 (0.5) vs. 21 (0.5)","1.0 (-81.2, 45.9)","0.97","","98 (2.4) vs. 94 (2.3)","-3.0 (-36.7, 22.4)","0.84","","0.9"
"270","114 (2.8) vs. 107 (2.7)","-5.3 (-37.1, 19.1)","0.7","","5 (0.1) vs. 8 (0.2)","38.3 (-88.7, 79.8)","0.4","","0.36"
"271","90 (2.2) vs. 80 (2)","-11.2 (-50.3, 17.7)","0.49","","29 (0.7) vs. 35 (0.9)","18.0 (-34.1, 49.9)","0.43","","0.3"
"273$^{\P}$","111 (2.7) vs. 97 (2.4)","-13.2 (-48.6, 13.8)","0.37","","8 (0.2) vs. 18 (0.4)","56.1 (-0.9, 80.9)","0.052","","0.034"
"274","111 (2.7) vs. 108 (2.7)","-1.6 (-32.4, 22.0)","0.91","","8 (0.2) vs. 7 (0.2)","-13.1 (-212.0, 59.0)","0.81","","0.84"
"275","100 (2.5) vs. 90 (2.2)","-9.8 (-46.0, 17.4)","0.52","","19 (0.5) vs. 25 (0.6)","24.8 (-36.5, 58.6)","0.35","","0.26"
"277$^{\P}$","85 (2.1) vs. 100 (2.5)","16.0 (-12.2, 37.1)","0.24","","34 (0.8) vs. 15 (0.4)","-124.1 (-311.4, -22.1)","0.0092","","0.0043"
"278","103 (2.5) vs. 95 (2.4)","-7.2 (-41.6, 18.9)","0.63","","16 (0.4) vs. 20 (0.5)","20.9 (-52.7, 59.0)","0.48","","0.4"
"281","23 (0.6) vs. 22 (0.5)","-3.4 (-85.5, 42.4)","0.91","","96 (2.4) vs. 93 (2.3)","-2.0 (-35.7, 23.3)","0.89","","0.97"
"283","96 (2.4) vs. 96 (2.4)","1.1 (-31.2, 25.5)","0.94","","23 (0.6) vs. 19 (0.5)","-19.5 (-119.3, 34.9)","0.57","","0.58"
"287","82 (2) vs. 80 (2)","-1.3 (-37.8, 25.6)","0.94","","37 (0.9) vs. 35 (0.9)","-4.6 (-66.1, 34.1)","0.85","","0.91"
"288","104 (2.6) vs. 96 (2.4)","-7.1 (-41.4, 18.8)","0.63","","15 (0.4) vs. 19 (0.5)","22.0 (-53.5, 60.4)","0.47","","0.4"
"289","108 (2.6) vs. 99 (2.5)","-7.8 (-41.6, 17.9)","0.59","","11 (0.3) vs. 16 (0.4)","31.9 (-46.7, 68.4)","0.33","","0.27"
"290$^{\P}$","68 (1.7) vs. 80 (2)","16.0 (-16.1, 39.2)","0.29","","51 (1.3) vs. 35 (0.9)","-44.1 (-121.5, 6.3)","0.096","","0.05"
"291","96 (2.4) vs. 94 (2.3)","-0.9 (-34.2, 24.0)","0.95","","23 (0.6) vs. 21 (0.5)","-8.3 (-95.7, 40.0)","0.79","","0.83"
"292","104 (2.6) vs. 99 (2.5)","-3.8 (-36.7, 21.2)","0.79","","15 (0.4) vs. 16 (0.4)","7.1 (-87.9, 54.1)","0.84","","0.77"
"293","56 (1.4) vs. 52 (1.3)","-6.5 (-55.3, 27.0)","0.74","","63 (1.5) vs. 63 (1.6)","1.2 (-40.1, 30.3)","0.95","","0.78"
"295","34 (0.8) vs. 34 (0.8)","1.0 (-59.3, 38.4)","0.97","","85 (2.1) vs. 81 (2)","-3.7 (-40.5, 23.5)","0.82","","0.87"
"297","85 (2.1) vs. 83 (2.1)","-1.3 (-37.0, 25.2)","0.93","","34 (0.8) vs. 32 (0.8)","-4.9 (-70.1, 35.2)","0.84","","0.9"
"300","48 (1.2) vs. 43 (1.1)","-10.2 (-66.3, 27.0)","0.64","","71 (1.7) vs. 72 (1.8)","2.4 (-35.4, 29.7)","0.88","","0.64"
"305","90 (2.2) vs. 87 (2.2)","-2.3 (-37.4, 23.8)","0.88","","29 (0.7) vs. 28 (0.7)","-2.3 (-71.9, 39.1)","0.93","","1"
"308","108 (2.6) vs. 105 (2.6)","-1.7 (-33.0, 22.3)","0.9","","11 (0.3) vs. 10 (0.2)","-8.6 (-155.7, 53.9)","0.85","","0.88"
"316","52 (1.3) vs. 36 (0.9)","-42.9 (-118.5, 6.6)","0.1","","67 (1.6) vs. 79 (2)","16.2 (-16.1, 39.5)","0.29","","0.051"
"318","95 (2.3) vs. 94 (2.3)","0.1 (-32.8, 24.9)","0.99","","24 (0.6) vs. 21 (0.5)","-13.1 (-103.1, 37.0)","0.68","","0.71"
"319","99 (2.4) vs. 99 (2.5)","1.1 (-30.6, 25.2)","0.94","","20 (0.5) vs. 16 (0.4)","-23.6 (-138.6, 35.9)","0.53","","0.54"
"320","89 (2.2) vs. 80 (2)","-10.0 (-48.8, 18.6)","0.53","","30 (0.7) vs. 35 (0.9)","15.4 (-37.8, 48.0)","0.5","","0.37"
"321","13 (0.3) vs. 15 (0.4)","14.2 (-80.2, 59.2)","0.69","","106 (2.6) vs. 100 (2.5)","-4.8 (-37.7, 20.3)","0.74","","0.62"
"322","69 (1.7) vs. 61 (1.5)","-11.8 (-57.7, 20.8)","0.53","","50 (1.2) vs. 54 (1.3)","8.4 (-34.6, 37.7)","0.65","","0.45"
"322b","9 (0.2) vs. 17 (0.4)","47.6 (-17.5, 76.6)","0.12","","110 (2.7) vs. 98 (2.4)","-11.0 (-45.7, 15.5)","0.45","","0.084"
"325","30 (0.7) vs. 20 (0.5)","-48.5 (-161.5, 15.7)","0.17","","89 (2.2) vs. 95 (2.4)","7.4 (-23.6, 30.7)","0.6","","0.15"
"328","83 (2) vs. 72 (1.8)","-14.0 (-56.3, 16.8)","0.42","","36 (0.9) vs. 43 (1.1)","17.3 (-28.8, 46.9)","0.4","","0.25"
"330","97 (2.4) vs. 84 (2.1)","-14.2 (-52.9, 14.7)","0.37","","22 (0.5) vs. 31 (0.8)","29.9 (-21.1, 59.4)","0.2","","0.12"
"332","104 (2.6) vs. 95 (2.4)","-8.2 (-42.9, 18.1)","0.58","","15 (0.4) vs. 20 (0.5)","25.8 (-44.9, 62.0)","0.38","","0.31"
"333","107 (2.6) vs. 99 (2.5)","-6.9 (-40.5, 18.7)","0.63","","12 (0.3) vs. 16 (0.4)","25.9 (-56.6, 65.0)","0.43","","0.37"
"334","76 (1.9) vs. 78 (1.9)","3.6 (-32.1, 29.7)","0.82","","43 (1.1) vs. 37 (0.9)","-14.8 (-78.2, 26.0)","0.54","","0.52"
"339","83 (2) vs. 81 (2)","-1.4 (-37.7, 25.4)","0.93","","36 (0.9) vs. 34 (0.8)","-4.5 (-67.0, 34.6)","0.85","","0.91"
"340","33 (0.8) vs. 30 (0.7)","-8.8 (-78.4, 33.6)","0.74","","86 (2.1) vs. 85 (2.1)","0.0 (-35.0, 25.9)","1","","0.78"
"341","102 (2.5) vs. 99 (2.5)","-1.8 (-34.3, 22.8)","0.9","","17 (0.4) vs. 16 (0.4)","-5.2 (-108.2, 46.9)","0.88","","0.93"
"342","110 (2.7) vs. 104 (2.6)","-4.6 (-36.7, 20.0)","0.74","","9 (0.2) vs. 11 (0.3)","19.1 (-95.3, 66.5)","0.64","","0.58"
"344$^{\P}$","19 (0.5) vs. 8 (0.2)","-134.5 (-435.7, -2.7)","0.043","","100 (2.5) vs. 107 (2.7)","7.6 (-21.4, 29.6)","0.57","","0.036"
"345","109 (2.7) vs. 105 (2.6)","-2.6 (-34.2, 21.5)","0.85","","10 (0.2) vs. 10 (0.2)","1.3 (-137.2, 58.9)","0.98","","0.94"
"347","46 (1.1) vs. 45 (1.1)","-1.0 (-52.3, 33.0)","0.96","","73 (1.8) vs. 70 (1.7)","-3.1 (-43.2, 25.7)","0.85","","0.94"
"348","103 (2.5) vs. 100 (2.5)","-1.8 (-34.1, 22.7)","0.9","","16 (0.4) vs. 15 (0.4)","-5.5 (-113.5, 47.8)","0.88","","0.93"
"350","10 (0.2) vs. 12 (0.3)","17.8 (-90.4, 64.5)","0.65","","109 (2.7) vs. 103 (2.6)","-4.6 (-37.0, 20.1)","0.74","","0.6"
"351","80 (2) vs. 77 (1.9)","-2.6 (-40.4, 24.9)","0.87","","39 (1) vs. 38 (0.9)","-1.6 (-58.8, 35.0)","0.94","","0.96"
"352","69 (1.7) vs. 66 (1.6)","-3.4 (-44.9, 26.2)","0.85","","50 (1.2) vs. 49 (1.2)","-0.8 (-49.5, 32.0)","0.97","","0.93"
"354g","103 (2.5) vs. 100 (2.5)","-1.8 (-34.1, 22.7)","0.9","","16 (0.4) vs. 15 (0.4)","-5.6 (-113.6, 47.8)","0.88","","0.93"
"355","57 (1.4) vs. 57 (1.4)","1.2 (-42.6, 31.6)","0.95","","62 (1.5) vs. 58 (1.4)","-5.7 (-51.2, 26.1)","0.76","","0.8"
"356","87 (2.1) vs. 88 (2.2)","2.3 (-31.4, 27.3)","0.88","","32 (0.8) vs. 27 (0.7)","-17.2 (-95.6, 29.8)","0.54","","0.55"
"357","82 (2) vs. 78 (1.9)","-3.9 (-41.7, 23.8)","0.81","","37 (0.9) vs. 37 (0.9)","1.1 (-55.9, 37.3)","0.96","","0.86"
"358","90 (2.2) vs. 87 (2.2)","-2.2 (-37.3, 23.9)","0.88","","29 (0.7) vs. 28 (0.7)","-2.5 (-72.3, 39.0)","0.93","","1"
"360","9 (0.2) vs. 13 (0.3)","31.4 (-60.4, 70.7)","0.38","","110 (2.7) vs. 102 (2.5)","-6.6 (-39.6, 18.6)","0.64","","0.33"
"362","19 (0.5) vs. 15 (0.4)","-25.3 (-146.5, 36.3)","0.51","","100 (2.5) vs. 100 (2.5)","1.1 (-30.4, 25.1)","0.94","","0.53"
"363","57 (1.4) vs. 58 (1.4)","2.8 (-40.2, 32.5)","0.88","","62 (1.5) vs. 57 (1.4)","-7.4 (-53.9, 25.0)","0.7","","0.7"
"365","12 (0.3) vs. 13 (0.3)","8.7 (-100.2, 58.3)","0.82","","107 (2.6) vs. 102 (2.5)","-3.7 (-36.0, 20.9)","0.79","","0.76"
"371","94 (2.3) vs. 90 (2.2)","-3.3 (-37.9, 22.6)","0.83","","25 (0.6) vs. 25 (0.6)","1.3 (-71.7, 43.3)","0.96","","0.89"
"372","104 (2.6) vs. 104 (2.6)","1.1 (-29.7, 24.7)","0.93","","15 (0.4) vs. 11 (0.3)","-34.9 (-193.7, 38.0)","0.45","","0.46"
"373","8 (0.2) vs. 6 (0.1)","-31.9 (-280.1, 54.2)","0.61","","111 (2.7) vs. 109 (2.7)","-0.7 (-31.1, 22.7)","0.96","","0.63"
"375","111 (2.7) vs. 108 (2.7)","-1.6 (-32.5, 22.0)","0.9","","8 (0.2) vs. 7 (0.2)","-12.4 (-210.1, 59.2)","0.82","","0.84"
"377","111 (2.7) vs. 106 (2.6)","-3.5 (-35.1, 20.7)","0.8","","8 (0.2) vs. 9 (0.2)","12.2 (-127.6, 66.1)","0.79","","0.75"
"386","109 (2.7) vs. 107 (2.7)","-0.7 (-31.5, 22.9)","0.96","","10 (0.2) vs. 8 (0.2)","-23.2 (-212.3, 51.4)","0.66","","0.68"
"388","82 (2) vs. 83 (2.1)","2.3 (-32.5, 28.0)","0.88","","37 (0.9) vs. 32 (0.8)","-14.3 (-83.5, 28.8)","0.58","","0.58"
"389","12 (0.3) vs. 14 (0.3)","15.2 (-83.4, 60.8)","0.68","","107 (2.6) vs. 101 (2.5)","-4.7 (-37.4, 20.2)","0.74","","0.61"
"392","103 (2.5) vs. 90 (2.2)","-13.1 (-50.1, 14.8)","0.39","","16 (0.4) vs. 25 (0.6)","36.6 (-18.7, 66.2)","0.15","","0.098"
"395e","111 (2.7) vs. 106 (2.6)","-3.5 (-35.1, 20.7)","0.8","","8 (0.2) vs. 9 (0.2)","12.0 (-128.1, 66.0)","0.79","","0.75"
"415","14 (0.3) vs. 15 (0.4)","7.6 (-91.4, 55.4)","0.83","","105 (2.6) vs. 100 (2.5)","-3.8 (-36.5, 21.1)","0.79","","0.77"
"417","28 (0.7) vs. 26 (0.6)","-6.7 (-82.0, 37.4)","0.81","","91 (2.2) vs. 89 (2.2)","-1.0 (-35.3, 24.6)","0.95","","0.87"
"419","23 (0.6) vs. 31 (0.8)","26.6 (-25.9, 57.2)","0.26","","96 (2.4) vs. 84 (2.1)","-13.0 (-51.4, 15.7)","0.41","","0.17"
"421","111 (2.7) vs. 109 (2.7)","-0.7 (-31.2, 22.7)","0.96","","8 (0.2) vs. 6 (0.1)","-31.5 (-279.0, 54.4)","0.61","","0.63"
"423","96 (2.4) vs. 101 (2.5)","6.1 (-24.2, 29.0)","0.66","","23 (0.6) vs. 14 (0.3)","-62.7 (-216.1, 16.3)","0.15","","0.14"
"426","109 (2.7) vs. 104 (2.6)","-3.6 (-35.6, 20.8)","0.8","","10 (0.2) vs. 11 (0.3)","10.2 (-111.4, 61.9)","0.81","","0.76"
"429","50 (1.2) vs. 50 (1.2)","1.1 (-46.3, 33.2)","0.95","","69 (1.7) vs. 65 (1.6)","-4.9 (-47.3, 25.2)","0.78","","0.82"
"432","16 (0.4) vs. 16 (0.4)","0.9 (-98.1, 50.4)","0.98","","103 (2.5) vs. 99 (2.5)","-2.8 (-35.5, 22.0)","0.84","","0.92"
"439$^{\P}$","114 (2.8) vs. 102 (2.5)","-10.5 (-44.3, 15.4)","0.47","","5 (0.1) vs. 13 (0.3)","61.9 (-7.0, 86.4)","0.067","","0.05"
"440","96 (2.4) vs. 88 (2.2)","-7.8 (-44.0, 19.3)","0.61","","23 (0.6) vs. 27 (0.7)","15.7 (-47.0, 51.7)","0.55","","0.44"
"442","95 (2.3) vs. 93 (2.3)","-1.0 (-34.4, 24.1)","0.95","","24 (0.6) vs. 22 (0.5)","-7.9 (-92.4, 39.5)","0.8","","0.84"
"444","111 (2.7) vs. 102 (2.5)","-7.6 (-40.7, 17.8)","0.59","","8 (0.2) vs. 13 (0.3)","39.1 (-47.0, 74.7)","0.27","","0.22"
"446","19 (0.5) vs. 12 (0.3)","-56.4 (-222.2, 24.1)","0.23","","100 (2.5) vs. 103 (2.6)","4.0 (-26.4, 27.1)","0.77","","0.22"
"448","87 (2.1) vs. 84 (2.1)","-2.3 (-38.1, 24.2)","0.88","","32 (0.8) vs. 31 (0.8)","-2.2 (-67.4, 37.7)","0.93","","0.99"
"452","19 (0.5) vs. 16 (0.4)","-17.5 (-128.5, 39.6)","0.63","","100 (2.5) vs. 99 (2.5)","0.2 (-31.8, 24.4)","0.99","","0.66"
"455","85 (2.1) vs. 73 (1.8)","-15.2 (-57.4, 15.8)","0.38","","34 (0.8) vs. 42 (1)","20.0 (-25.7, 49.1)","0.33","","0.19"
"459","112 (2.7) vs. 107 (2.7)","-3.5 (-34.9, 20.6)","0.8","","7 (0.2) vs. 8 (0.2)","13.4 (-138.7, 68.6)","0.78","","0.74"
"464a","22 (0.5) vs. 23 (0.6)","5.4 (-69.7, 47.3)","0.85","","97 (2.4) vs. 92 (2.3)","-4.2 (-38.6, 21.6)","0.78","","0.77"
"464b","84 (2.1) vs. 70 (1.7)","-18.6 (-62.9, 13.6)","0.29","","35 (0.9) vs. 45 (1.1)","23.1 (-19.7, 50.5)","0.24","","0.12"
"464c","98 (2.4) vs. 90 (2.2)","-7.6 (-43.3, 19.2)","0.61","","21 (0.5) vs. 25 (0.6)","16.9 (-48.5, 53.5)","0.53","","0.43"
"464d","107 (2.6) vs. 105 (2.6)","-0.8 (-31.9, 23.0)","0.96","","12 (0.3) vs. 10 (0.2)","-18.6 (-174.4, 48.8)","0.69","","0.72"
"467","65 (1.6) vs. 60 (1.5)","-7.1 (-52.1, 24.6)","0.7","","54 (1.3) vs. 55 (1.4)","2.9 (-41.3, 33.3)","0.88","","0.71"
"471","84 (2.1) vs. 82 (2)","-1.3 (-37.3, 25.3)","0.93","","35 (0.9) vs. 33 (0.8)","-4.7 (-68.5, 34.9)","0.85","","0.9"
"474","60 (1.5) vs. 52 (1.3)","-14.2 (-65.5, 21.2)","0.48","","59 (1.4) vs. 63 (1.6)","7.5 (-31.9, 35.1)","0.67","","0.43"
"476","62 (1.5) vs. 53 (1.3)","-15.7 (-67.0, 19.8)","0.44","","57 (1.4) vs. 62 (1.5)","9.2 (-30.1, 36.6)","0.6","","0.36"
"481","109 (2.7) vs. 105 (2.6)","-2.6 (-34.2, 21.5)","0.85","","10 (0.2) vs. 10 (0.2)","1.3 (-137.1, 58.9)","0.98","","0.94"
"491","91 (2.2) vs. 91 (2.3)","1.1 (-32.2, 26.1)","0.94","","28 (0.7) vs. 24 (0.6)","-15.3 (-98.9, 33.2)","0.61","","0.62"
"492","89 (2.2) vs. 89 (2.2)","1.1 (-32.7, 26.3)","0.94","","30 (0.7) vs. 26 (0.6)","-13.9 (-92.7, 32.6)","0.63","","0.64"
"496","91 (2.2) vs. 85 (2.1)","-5.9 (-42.3, 21.2)","0.71","","28 (0.7) vs. 30 (0.7)","7.8 (-54.3, 44.9)","0.76","","0.65"
"500","43 (1.1) vs. 37 (0.9)","-14.9 (-78.3, 26.0)","0.54","","76 (1.9) vs. 78 (1.9)","3.7 (-32.1, 29.8)","0.82","","0.52"
"502","95 (2.3) vs. 89 (2.2)","-5.5 (-40.9, 21.0)","0.72","","24 (0.6) vs. 26 (0.6)","8.7 (-59.0, 47.6)","0.75","","0.65"
"507","14 (0.3) vs. 9 (0.2)","-53.9 (-255.5, 33.4)","0.31","","105 (2.6) vs. 106 (2.6)","2.1 (-28.3, 25.2)","0.88","","0.31"
"509","107 (2.6) vs. 105 (2.6)","-0.8 (-31.9, 23.0)","0.96","","12 (0.3) vs. 10 (0.2)","-18.5 (-174.2, 48.8)","0.69","","0.72"
