"position","cases1","VE1","P1","ws1","cases0","VE0","P0","ws0","diffP","FWER","Qvalue"
"4","67 (1.6) vs. 56 (1.4)","-18.4 (-68.8, 17.0)","0.35","","52 (1.3) vs. 59 (1.5)","12.9 (-26.4, 40.0)","0.47","","0.24","1","0.94"
"5","12 (0.3) vs. 11 (0.3)","-7.8 (-144.4, 52.4)","0.86","","107 (2.6) vs. 104 (2.6)","-1.7 (-33.2, 22.3)","0.9","","0.89","1","0.97"
"7","46 (1.1) vs. 40 (1)","-13.6 (-73.5, 25.6)","0.56","","73 (1.8) vs. 75 (1.9)","3.7 (-32.9, 30.3)","0.82","","0.54","1","0.97"
"8","99 (2.4) vs. 102 (2.5)","4.1 (-26.5, 27.2)","0.77","","20 (0.5) vs. 13 (0.3)","-52.1 (-205.7, 24.3)","0.24","","0.23","1","0.94"
"9","104 (2.6) vs. 99 (2.5)","-3.9 (-36.8, 21.1)","0.79","","15 (0.4) vs. 16 (0.4)","7.4 (-87.4, 54.2)","0.83","","0.77","1","0.97"
"10","54 (1.3) vs. 52 (1.3)","-2.6 (-50.2, 29.9)","0.89","","65 (1.6) vs. 63 (1.6)","-2.0 (-44.3, 27.9)","0.91","","0.98","1","0.99"
"11","58 (1.4) vs. 48 (1.2)","-19.5 (-75.2, 18.5)","0.36","","61 (1.5) vs. 67 (1.7)","10.0 (-27.2, 36.4)","0.55","","0.28","1","0.94"
"12","8 (0.2) vs. 13 (0.3)","39.2 (-46.6, 74.8)","0.27","","111 (2.7) vs. 102 (2.5)","-7.6 (-40.8, 17.8)","0.59","","0.22","1","0.94"
"14","111 (2.7) vs. 108 (2.7)","-1.6 (-32.4, 22.0)","0.91","","8 (0.2) vs. 7 (0.2)","-13.0 (-211.6, 59.0)","0.81","","0.84","1","0.97"
"16","12 (0.3) vs. 13 (0.3)","8.7 (-100.0, 58.4)","0.82","","107 (2.6) vs. 102 (2.5)","-3.7 (-36.0, 20.9)","0.79","","0.76","1","0.97"
"18","94 (2.3) vs. 94 (2.3)","1.1 (-31.6, 25.7)","0.94","","25 (0.6) vs. 21 (0.5)","-17.7 (-110.2, 34.1)","0.58","","0.6","1","0.97"
"22","109 (2.7) vs. 110 (2.7)","2.0 (-27.7, 24.8)","0.88","","10 (0.2) vs. 5 (0.1)","-97.1 (-476.8, 32.6)","0.22","","0.21","1","0.94"
"24","83 (2) vs. 88 (2.2)","6.8 (-25.8, 30.9)","0.65","","36 (0.9) vs. 27 (0.7)","-31.8 (-117.2, 20.0)","0.28","","0.24","1","0.94"
"25","54 (1.3) vs. 53 (1.3)","-0.7 (-47.1, 31.1)","0.97","","65 (1.6) vs. 62 (1.5)","-3.7 (-46.8, 26.8)","0.84","","0.91","1","0.97"
"26","61 (1.5) vs. 65 (1.6)","7.2 (-31.7, 34.5)","0.68","","58 (1.4) vs. 50 (1.2)","-14.6 (-67.3, 21.5)","0.48","","0.42","1","0.96"
"27","76 (1.9) vs. 65 (1.6)","-15.6 (-61.0, 17.0)","0.39","","43 (1.1) vs. 50 (1.2)","15.0 (-27.8, 43.5)","0.43","","0.25","1","0.94"
"28","81 (2) vs. 79 (2)","-1.4 (-38.2, 25.6)","0.93","","38 (0.9) vs. 36 (0.9)","-4.3 (-64.5, 33.9)","0.86","","0.92","1","0.97"
"29$^{\P}$","54 (1.3) vs. 37 (0.9)","-44.2 (-119.2, 5.1)","0.086","","65 (1.6) vs. 78 (1.9)","17.6 (-14.5, 40.7)","0.25","","0.039","1","0.81"
"30","67 (1.6) vs. 67 (1.7)","1.1 (-38.8, 29.5)","0.95","","52 (1.3) vs. 48 (1.2)","-7.0 (-58.4, 27.7)","0.73","","0.76","1","0.97"
"31","9 (0.2) vs. 10 (0.2)","10.8 (-119.6, 63.7)","0.8","","110 (2.7) vs. 105 (2.6)","-3.5 (-35.3, 20.8)","0.8","","0.75","1","0.97"
"31a","109 (2.7) vs. 105 (2.6)","-2.6 (-34.1, 21.5)","0.85","","10 (0.2) vs. 10 (0.2)","0.9 (-138.1, 58.8)","0.98","","0.94","1","0.97"
"32","70 (1.7) vs. 75 (1.9)","7.7 (-27.8, 33.4)","0.63","","49 (1.2) vs. 40 (1)","-21.1 (-83.9, 20.3)","0.37","","0.31","1","0.94"
"33","77 (1.9) vs. 79 (2)","3.6 (-32.0, 29.6)","0.82","","42 (1) vs. 36 (0.9)","-15.2 (-79.8, 26.2)","0.53","","0.52","1","0.97"
"34","96 (2.4) vs. 94 (2.3)","-1.0 (-34.3, 24.0)","0.94","","23 (0.6) vs. 21 (0.5)","-8.0 (-95.1, 40.2)","0.8","","0.83","1","0.97"
"46","75 (1.8) vs. 71 (1.8)","-4.4 (-44.4, 24.5)","0.79","","44 (1.1) vs. 44 (1.1)","1.1 (-50.2, 34.9)","0.96","","0.84","1","0.97"
"47","103 (2.5) vs. 102 (2.5)","0.1 (-31.3, 24.1)","0.99","","16 (0.4) vs. 13 (0.3)","-21.5 (-152.5, 41.6)","0.6","","0.62","1","0.97"
"49","110 (2.7) vs. 111 (2.8)","2.0 (-27.5, 24.7)","0.88","","9 (0.2) vs. 4 (0.1)","-122.7 (-623.0, 31.4)","0.18","","0.18","1","0.93"
"50","94 (2.3) vs. 96 (2.4)","3.2 (-28.6, 27.2)","0.82","","25 (0.6) vs. 19 (0.5)","-30.1 (-136.2, 28.4)","0.39","","0.38","1","0.96"
"51","111 (2.7) vs. 108 (2.7)","-1.6 (-32.5, 22.0)","0.91","","8 (0.2) vs. 7 (0.2)","-12.7 (-210.7, 59.1)","0.82","","0.84","1","0.97"
"62","78 (1.9) vs. 85 (2.1)","9.3 (-23.3, 33.3)","0.53","","41 (1) vs. 30 (0.7)","-35.3 (-116.6, 15.5)","0.21","","0.17","1","0.93"
"63","77 (1.9) vs. 67 (1.7)","-13.5 (-57.5, 18.2)","0.45","","42 (1) vs. 48 (1.2)","13.4 (-31.0, 42.8)","0.5","","0.31","1","0.94"
"65","108 (2.6) vs. 104 (2.6)","-2.7 (-34.4, 21.6)","0.85","","11 (0.3) vs. 11 (0.3)","1.1 (-128.1, 57.1)","0.98","","0.93","1","0.97"
"68$^{\P}$","92 (2.3) vs. 102 (2.5)","10.8 (-18.2, 32.7)","0.43","","27 (0.7) vs. 13 (0.3)","-105.2 (-297.6, -5.9)","0.033","","0.023","0.97","0.71"
"80","99 (2.4) vs. 88 (2.2)","-11.2 (-48.2, 16.6)","0.47","","20 (0.5) vs. 27 (0.7)","26.7 (-30.7, 58.9)","0.29","","0.2","1","0.94"
"82","107 (2.6) vs. 97 (2.4)","-9.0 (-43.5, 17.2)","0.54","","12 (0.3) vs. 18 (0.4)","34.0 (-37.1, 68.2)","0.27","","0.21","1","0.94"
"84","38 (0.9) vs. 33 (0.8)","-14.0 (-81.7, 28.5)","0.58","","81 (2) vs. 82 (2)","2.4 (-32.7, 28.2)","0.88","","0.59","1","0.97"
"85","68 (1.7) vs. 71 (1.8)","5.4 (-32.0, 32.1)","0.75","","51 (1.3) vs. 44 (1.1)","-14.7 (-71.6, 23.4)","0.51","","0.47","1","0.97"
"86","108 (2.6) vs. 104 (2.6)","-2.7 (-34.4, 21.6)","0.85","","11 (0.3) vs. 11 (0.3)","1.1 (-128.0, 57.1)","0.98","","0.93","1","0.97"
"87","24 (0.6) vs. 22 (0.5)","-7.9 (-92.4, 39.5)","0.8","","95 (2.3) vs. 93 (2.3)","-1.0 (-34.4, 24.1)","0.95","","0.84","1","0.97"
"92","107 (2.6) vs. 99 (2.5)","-6.9 (-40.5, 18.7)","0.63","","12 (0.3) vs. 16 (0.4)","26.0 (-56.5, 65.0)","0.43","","0.37","1","0.96"
"99","104 (2.6) vs. 102 (2.5)","-0.8 (-32.4, 23.3)","0.96","","15 (0.4) vs. 13 (0.3)","-14.2 (-140.1, 45.6)","0.73","","0.76","1","0.97"
"102","105 (2.6) vs. 106 (2.6)","2.1 (-28.2, 25.2)","0.88","","14 (0.3) vs. 9 (0.2)","-54.1 (-256.0, 33.3)","0.31","","0.31","1","0.94"
"108","98 (2.4) vs. 104 (2.6)","6.8 (-22.8, 29.3)","0.62","","21 (0.5) vs. 11 (0.3)","-88.4 (-290.8, 9.1)","0.089","","0.076","1","0.84"
"113$^{\P}$","107 (2.6) vs. 114 (2.8)","7.2 (-20.8, 28.7)","0.58","","12 (0.3) vs. 1 (0)","-Inf (-Inf, -53.8)","0.018","","0.015","0.9","0.57"
"114","91 (2.2) vs. 91 (2.3)","1.1 (-32.2, 26.1)","0.94","","28 (0.7) vs. 24 (0.6)","-15.3 (-98.8, 33.2)","0.61","","0.62","1","0.97"
"130","77 (1.9) vs. 73 (1.8)","-4.3 (-43.6, 24.3)","0.8","","42 (1) vs. 42 (1)","1.2 (-51.6, 35.6)","0.96","","0.84","1","0.97"
"152a","8 (0.2) vs. 8 (0.2)","0.8 (-164.3, 62.8)","0.99","","111 (2.7) vs. 107 (2.7)","-2.5 (-33.7, 21.4)","0.85","","0.94","1","0.97"
"152f","96 (2.4) vs. 94 (2.3)","-1.0 (-34.3, 24.0)","0.94","","23 (0.6) vs. 21 (0.5)","-8.0 (-95.1, 40.2)","0.8","","0.83","1","0.97"
"152g","101 (2.5) vs. 101 (2.5)","1.1 (-30.3, 24.9)","0.94","","18 (0.4) vs. 14 (0.3)","-26.9 (-155.0, 36.9)","0.5","","0.51","1","0.97"
"152h","108 (2.6) vs. 104 (2.6)","-2.7 (-34.4, 21.6)","0.85","","11 (0.3) vs. 11 (0.3)","1.3 (-127.7, 57.2)","0.98","","0.93","1","0.97"
"152i","110 (2.7) vs. 104 (2.6)","-4.6 (-36.7, 20.0)","0.74","","9 (0.2) vs. 11 (0.3)","19.2 (-95.0, 66.5)","0.64","","0.58","1","0.97"
"152j","112 (2.7) vs. 105 (2.6)","-5.4 (-37.6, 19.2)","0.7","","7 (0.2) vs. 10 (0.2)","30.8 (-81.9, 73.6)","0.46","","0.41","1","0.96"
"152k","113 (2.8) vs. 106 (2.6)","-5.4 (-37.4, 19.1)","0.7","","6 (0.1) vs. 9 (0.2)","34.1 (-85.3, 76.5)","0.43","","0.39","1","0.96"
"152l","113 (2.8) vs. 106 (2.6)","-5.4 (-37.4, 19.1)","0.7","","6 (0.1) vs. 9 (0.2)","34.1 (-85.3, 76.5)","0.43","","0.39","1","0.96"
"152m","113 (2.8) vs. 107 (2.7)","-4.4 (-36.0, 19.8)","0.75","","6 (0.1) vs. 8 (0.2)","25.8 (-113.7, 74.3)","0.58","","0.54","1","0.97"
"155$^{\P}$","91 (2.2) vs. 74 (1.8)","-21.6 (-65.2, 10.6)","0.21","","28 (0.7) vs. 41 (1)","32.5 (-9.2, 58.2)","0.11","","0.043","1","0.81"
"158","105 (2.6) vs. 107 (2.7)","3.0 (-27.0, 25.9)","0.83","","14 (0.3) vs. 8 (0.2)","-72.5 (-311.3, 27.6)","0.22","","0.21","1","0.94"
"160","111 (2.7) vs. 103 (2.6)","-6.5 (-39.3, 18.5)","0.64","","8 (0.2) vs. 12 (0.3)","34.1 (-61.2, 73.1)","0.36","","0.31","1","0.94"
"161","14 (0.3) vs. 21 (0.5)","34.0 (-29.7, 66.5)","0.23","","105 (2.6) vs. 94 (2.3)","-10.4 (-45.8, 16.4)","0.49","","0.17","1","0.93"
"164","104 (2.6) vs. 109 (2.7)","5.7 (-23.4, 27.9)","0.67","","15 (0.4) vs. 6 (0.1)","-147.0 (-536.6, 4.2)","0.061","","0.055","1","0.82"
"165","56 (1.4) vs. 44 (1.1)","-25.9 (-86.8, 15.2)","0.25","","63 (1.5) vs. 71 (1.8)","12.3 (-23.1, 37.5)","0.45","","0.17","1","0.93"
"166","17 (0.4) vs. 9 (0.2)","-86.2 (-317.8, 17.0)","0.13","","102 (2.5) vs. 106 (2.6)","4.8 (-24.9, 27.5)","0.72","","0.12","1","0.89"
"168","104 (2.6) vs. 101 (2.5)","-1.8 (-33.8, 22.6)","0.9","","15 (0.4) vs. 14 (0.3)","-6.1 (-119.8, 48.8)","0.87","","0.92","1","0.97"
"170","52 (1.3) vs. 44 (1.1)","-16.9 (-74.7, 21.7)","0.45","","67 (1.6) vs. 71 (1.8)","6.8 (-30.2, 33.2)","0.68","","0.4","1","0.96"
"171","8 (0.2) vs. 7 (0.2)","-12.8 (-211.2, 59.1)","0.82","","111 (2.7) vs. 108 (2.7)","-1.6 (-32.4, 22.0)","0.91","","0.84","1","0.97"
"172","22 (0.5) vs. 14 (0.3)","-55.4 (-203.7, 20.5)","0.2","","97 (2.4) vs. 101 (2.5)","5.1 (-25.4, 28.1)","0.71","","0.18","1","0.93"
"173$^{\P}$","85 (2.1) vs. 98 (2.4)","14.2 (-14.7, 35.8)","0.3","","34 (0.8) vs. 17 (0.4)","-97.4 (-253.4, -10.3)","0.022","","0.012","0.82","0.56"
"175","110 (2.7) vs. 108 (2.7)","-0.7 (-31.3, 22.8)","0.96","","9 (0.2) vs. 7 (0.2)","-27.0 (-241.1, 52.7)","0.63","","0.66","1","0.97"
"178","44 (1.1) vs. 46 (1.1)","5.3 (-43.1, 37.4)","0.79","","75 (1.8) vs. 69 (1.7)","-7.4 (-48.9, 22.6)","0.67","","0.63","1","0.97"
"179","70 (1.7) vs. 60 (1.5)","-15.3 (-62.8, 18.3)","0.42","","49 (1.2) vs. 55 (1.4)","11.9 (-29.4, 40.1)","0.52","","0.31","1","0.94"
"182","95 (2.3) vs. 96 (2.4)","2.2 (-29.9, 26.3)","0.88","","24 (0.6) vs. 19 (0.5)","-24.9 (-128.0, 31.6)","0.47","","0.47","1","0.97"
"183","16 (0.4) vs. 12 (0.3)","-32.3 (-179.7, 37.4)","0.46","","103 (2.5) vs. 103 (2.6)","1.2 (-29.8, 24.8)","0.93","","0.48","1","0.97"
"184","94 (2.3) vs. 95 (2.4)","2.2 (-30.1, 26.4)","0.88","","25 (0.6) vs. 20 (0.5)","-23.5 (-122.3, 31.4)","0.48","","0.48","1","0.97"
"185h","106 (2.6) vs. 109 (2.7)","3.8 (-25.6, 26.4)","0.77","","13 (0.3) vs. 6 (0.1)","-113.5 (-461.8, 18.8)","0.12","","0.12","1","0.89"
"185i","98 (2.4) vs. 104 (2.6)","6.8 (-22.8, 29.3)","0.62","","21 (0.5) vs. 11 (0.3)","-88.1 (-290.2, 9.3)","0.09","","0.076","1","0.84"
"185n","13 (0.3) vs. 9 (0.2)","-43.2 (-234.9, 38.8)","0.41","","106 (2.6) vs. 106 (2.6)","1.2 (-29.4, 24.5)","0.93","","0.42","1","0.96"
"185o","9 (0.2) vs. 7 (0.2)","-27.2 (-241.5, 52.6)","0.63","","110 (2.7) vs. 108 (2.7)","-0.7 (-31.3, 22.8)","0.96","","0.66","1","0.97"
"185q","6 (0.1) vs. 12 (0.3)","50.6 (-31.7, 81.4)","0.16","","113 (2.8) vs. 103 (2.6)","-8.5 (-41.7, 17.0)","0.55","","0.13","1","0.89"
"192","67 (1.6) vs. 64 (1.6)","-3.5 (-45.8, 26.5)","0.84","","52 (1.3) vs. 51 (1.3)","-0.8 (-48.3, 31.5)","0.97","","0.92","1","0.97"
"195","107 (2.6) vs. 109 (2.7)","2.9 (-26.8, 25.6)","0.83","","12 (0.3) vs. 6 (0.1)","-96.7 (-424.2, 26.2)","0.18","","0.17","1","0.93"
"198$^{\P}$","95 (2.3) vs. 78 (1.9)","-20.4 (-62.4, 10.8)","0.22","","24 (0.6) vs. 37 (0.9)","35.9 (-7.2, 61.6)","0.09","","0.038","1","0.81"
"200","22 (0.5) vs. 17 (0.4)","-28.1 (-141.3, 31.9)","0.44","","97 (2.4) vs. 98 (2.4)","2.2 (-29.5, 26.1)","0.88","","0.45","1","0.97"
"202","101 (2.5) vs. 101 (2.5)","1.2 (-30.2, 25.0)","0.93","","18 (0.4) vs. 14 (0.3)","-27.3 (-156.0, 36.7)","0.5","","0.51","1","0.97"
"208","110 (2.7) vs. 101 (2.5)","-7.7 (-41.1, 17.8)","0.59","","9 (0.2) vs. 14 (0.3)","36.5 (-46.8, 72.5)","0.29","","0.24","1","0.94"
"209","69 (1.7) vs. 77 (1.9)","11.4 (-22.6, 36.0)","0.47","","50 (1.2) vs. 38 (0.9)","-30.0 (-98.3, 14.7)","0.22","","0.16","1","0.93"
"211","106 (2.6) vs. 108 (2.7)","3.0 (-26.9, 25.8)","0.83","","13 (0.3) vs. 7 (0.2)","-83.6 (-360.1, 26.8)","0.2","","0.19","1","0.93"
"223","97 (2.4) vs. 104 (2.6)","7.8 (-21.5, 30.1)","0.56","","22 (0.5) vs. 11 (0.3)","-98.3 (-308.9, 3.9)","0.064","","0.054","1","0.82"
"229","113 (2.8) vs. 105 (2.6)","-6.4 (-38.8, 18.4)","0.65","","6 (0.1) vs. 10 (0.2)","40.7 (-63.2, 78.4)","0.31","","0.27","1","0.94"
"230","97 (2.4) vs. 92 (2.3)","-4.2 (-38.6, 21.7)","0.78","","22 (0.5) vs. 23 (0.6)","5.3 (-69.9, 47.2)","0.85","","0.77","1","0.97"
"231","86 (2.1) vs. 82 (2)","-3.7 (-40.3, 23.4)","0.82","","33 (0.8) vs. 33 (0.8)","1.1 (-60.2, 39.0)","0.96","","0.87","1","0.97"
"232","109 (2.7) vs. 105 (2.6)","-2.6 (-34.2, 21.5)","0.85","","10 (0.2) vs. 10 (0.2)","1.0 (-137.8, 58.8)","0.98","","0.94","1","0.97"
"236","101 (2.5) vs. 98 (2.4)","-1.9 (-34.5, 22.8)","0.9","","18 (0.4) vs. 17 (0.4)","-4.7 (-103.1, 46.0)","0.89","","0.94","1","0.97"
"240","14 (0.3) vs. 20 (0.5)","30.8 (-36.9, 65.1)","0.29","","105 (2.6) vs. 95 (2.4)","-9.3 (-44.2, 17.2)","0.53","","0.22","1","0.94"
"244","112 (2.7) vs. 108 (2.7)","-2.5 (-33.5, 21.3)","0.85","","7 (0.2) vs. 7 (0.2)","1.1 (-182.0, 65.3)","0.98","","0.95","1","0.97"
"266","105 (2.6) vs. 98 (2.4)","-5.9 (-39.5, 19.6)","0.68","","14 (0.3) vs. 17 (0.4)","18.6 (-65.2, 59.9)","0.57","","0.5","1","0.97"
"267","107 (2.6) vs. 94 (2.3)","-12.5 (-48.4, 14.7)","0.4","","12 (0.3) vs. 21 (0.5)","43.5 (-14.9, 72.2)","0.11","","0.076","1","0.84"
"269","21 (0.5) vs. 21 (0.5)","1.0 (-81.2, 45.9)","0.97","","98 (2.4) vs. 94 (2.3)","-3.0 (-36.7, 22.4)","0.84","","0.9","1","0.97"
"270","114 (2.8) vs. 107 (2.7)","-5.3 (-37.1, 19.1)","0.7","","5 (0.1) vs. 8 (0.2)","38.3 (-88.7, 79.8)","0.4","","0.36","1","0.96"
"271","90 (2.2) vs. 80 (2)","-11.2 (-50.3, 17.7)","0.49","","29 (0.7) vs. 35 (0.9)","18.0 (-34.1, 49.9)","0.43","","0.3","1","0.94"
"273$^{\P}$","111 (2.7) vs. 97 (2.4)","-13.2 (-48.6, 13.8)","0.37","","8 (0.2) vs. 18 (0.4)","56.1 (-0.9, 80.9)","0.052","","0.034","1","0.81"
"274","111 (2.7) vs. 108 (2.7)","-1.6 (-32.4, 22.0)","0.91","","8 (0.2) vs. 7 (0.2)","-13.1 (-212.0, 59.0)","0.81","","0.84","1","0.97"
"275","100 (2.5) vs. 90 (2.2)","-9.8 (-46.0, 17.4)","0.52","","19 (0.5) vs. 25 (0.6)","24.8 (-36.5, 58.6)","0.35","","0.26","1","0.94"
"277$^{\P}$","85 (2.1) vs. 100 (2.5)","16.0 (-12.2, 37.1)","0.24","","34 (0.8) vs. 15 (0.4)","-124.1 (-311.4, -22.1)","0.0092","","0.0043","0.39","0.46"
"278","103 (2.5) vs. 95 (2.4)","-7.2 (-41.6, 18.9)","0.63","","16 (0.4) vs. 20 (0.5)","20.9 (-52.7, 59.0)","0.48","","0.4","1","0.96"
"279","43 (1.1) vs. 44 (1.1)","3.4 (-47.1, 36.5)","0.87","","76 (1.9) vs. 71 (1.8)","-5.8 (-46.2, 23.4)","0.73","","0.74","1","0.97"
"281","22 (0.5) vs. 18 (0.4)","-21.0 (-125.6, 35.1)","0.55","","97 (2.4) vs. 97 (2.4)","1.2 (-31.0, 25.4)","0.94","","0.57","1","0.97"
"283","96 (2.4) vs. 96 (2.4)","1.1 (-31.2, 25.5)","0.94","","23 (0.6) vs. 19 (0.5)","-19.5 (-119.3, 34.9)","0.57","","0.58","1","0.97"
"287","82 (2) vs. 80 (2)","-1.3 (-37.8, 25.6)","0.94","","37 (0.9) vs. 35 (0.9)","-4.6 (-66.1, 34.1)","0.85","","0.91","1","0.97"
"288","104 (2.6) vs. 96 (2.4)","-7.1 (-41.4, 18.8)","0.63","","15 (0.4) vs. 19 (0.5)","22.0 (-53.5, 60.4)","0.47","","0.4","1","0.96"
"289","108 (2.6) vs. 99 (2.5)","-7.8 (-41.6, 17.9)","0.59","","11 (0.3) vs. 16 (0.4)","31.9 (-46.7, 68.4)","0.33","","0.27","1","0.94"
"291","96 (2.4) vs. 94 (2.3)","-0.9 (-34.2, 24.0)","0.95","","23 (0.6) vs. 21 (0.5)","-8.3 (-95.7, 40.0)","0.79","","0.83","1","0.97"
"292","15 (0.4) vs. 16 (0.4)","7.1 (-87.9, 54.1)","0.84","","104 (2.6) vs. 99 (2.5)","-3.8 (-36.7, 21.2)","0.79","","0.77","1","0.97"
"293","56 (1.4) vs. 52 (1.3)","-6.5 (-55.3, 27.0)","0.74","","63 (1.5) vs. 63 (1.6)","1.2 (-40.1, 30.3)","0.95","","0.78","1","0.97"
"295","46 (1.1) vs. 44 (1.1)","-3.3 (-56.2, 31.7)","0.88","","73 (1.8) vs. 71 (1.8)","-1.7 (-41.0, 26.7)","0.92","","0.95","1","0.97"
"300","48 (1.2) vs. 43 (1.1)","-10.2 (-66.3, 27.0)","0.64","","71 (1.7) vs. 72 (1.8)","2.4 (-35.4, 29.7)","0.88","","0.64","1","0.97"
"308","108 (2.6) vs. 105 (2.6)","-1.7 (-33.0, 22.3)","0.9","","11 (0.3) vs. 10 (0.2)","-8.6 (-155.7, 53.9)","0.85","","0.88","1","0.97"
"316","53 (1.3) vs. 64 (1.6)","18.2 (-17.7, 43.2)","0.28","","66 (1.6) vs. 51 (1.3)","-28.1 (-84.5, 11.1)","0.18","","0.09","1","0.89"
"318","95 (2.3) vs. 94 (2.3)","0.1 (-32.8, 24.9)","0.99","","24 (0.6) vs. 21 (0.5)","-13.1 (-103.1, 37.0)","0.68","","0.71","1","0.97"
"319","99 (2.4) vs. 99 (2.5)","1.1 (-30.6, 25.2)","0.94","","20 (0.5) vs. 16 (0.4)","-23.6 (-138.6, 35.9)","0.53","","0.54","1","0.97"
"320","89 (2.2) vs. 80 (2)","-10.0 (-48.8, 18.6)","0.53","","30 (0.7) vs. 35 (0.9)","15.4 (-37.8, 48.0)","0.5","","0.37","1","0.96"
"321","81 (2) vs. 78 (1.9)","-2.7 (-40.1, 24.8)","0.87","","38 (0.9) vs. 37 (0.9)","-1.5 (-59.6, 35.5)","0.95","","0.97","1","0.98"
"322","69 (1.7) vs. 61 (1.5)","-11.8 (-57.7, 20.8)","0.53","","50 (1.2) vs. 54 (1.3)","8.4 (-34.6, 37.7)","0.65","","0.45","1","0.97"
"322b","109 (2.7) vs. 98 (2.4)","-9.9 (-44.4, 16.3)","0.5","","10 (0.2) vs. 17 (0.4)","41.8 (-27.2, 73.3)","0.17","","0.13","1","0.89"
"325","85 (2.1) vs. 92 (2.3)","8.7 (-22.6, 32.0)","0.55","","34 (0.8) vs. 23 (0.6)","-46.3 (-148.4, 13.8)","0.16","","0.13","1","0.89"
"328","83 (2) vs. 72 (1.8)","-14.0 (-56.3, 16.8)","0.42","","36 (0.9) vs. 43 (1.1)","17.3 (-28.8, 46.9)","0.4","","0.25","1","0.94"
"330","97 (2.4) vs. 84 (2.1)","-14.2 (-52.9, 14.7)","0.37","","22 (0.5) vs. 31 (0.8)","29.9 (-21.1, 59.4)","0.2","","0.12","1","0.89"
"332","104 (2.6) vs. 95 (2.4)","-8.2 (-42.9, 18.1)","0.58","","15 (0.4) vs. 20 (0.5)","25.8 (-44.9, 62.0)","0.38","","0.31","1","0.94"
"333","107 (2.6) vs. 99 (2.5)","-6.9 (-40.5, 18.7)","0.63","","12 (0.3) vs. 16 (0.4)","25.9 (-56.6, 65.0)","0.43","","0.37","1","0.96"
"334","76 (1.9) vs. 78 (1.9)","3.6 (-32.1, 29.7)","0.82","","43 (1.1) vs. 37 (0.9)","-14.8 (-78.2, 26.0)","0.54","","0.52","1","0.97"
"335","26 (0.6) vs. 19 (0.5)","-35.1 (-144.0, 25.2)","0.32","","93 (2.3) vs. 96 (2.4)","4.2 (-27.4, 28.0)","0.77","","0.3","1","0.94"
"336","25 (0.6) vs. 19 (0.5)","-30.2 (-136.4, 28.3)","0.39","","94 (2.3) vs. 96 (2.4)","3.2 (-28.6, 27.2)","0.82","","0.38","1","0.96"
"337","13 (0.3) vs. 21 (0.5)","38.8 (-22.2, 69.4)","0.16","","106 (2.6) vs. 94 (2.3)","-11.5 (-47.2, 15.6)","0.44","","0.11","1","0.89"
"339","8 (0.2) vs. 11 (0.3)","28.2 (-78.5, 71.1)","0.48","","111 (2.7) vs. 104 (2.6)","-5.5 (-37.9, 19.2)","0.69","","0.43","1","0.96"
"340","33 (0.8) vs. 30 (0.7)","-8.8 (-78.4, 33.6)","0.74","","86 (2.1) vs. 85 (2.1)","0.0 (-35.0, 25.9)","1","","0.78","1","0.97"
"341","102 (2.5) vs. 99 (2.5)","-1.8 (-34.3, 22.8)","0.9","","17 (0.4) vs. 16 (0.4)","-5.2 (-108.2, 46.9)","0.88","","0.93","1","0.97"
"342","110 (2.7) vs. 104 (2.6)","-4.6 (-36.7, 20.0)","0.74","","9 (0.2) vs. 11 (0.3)","19.1 (-95.3, 66.5)","0.64","","0.58","1","0.97"
"344","9 (0.2) vs. 11 (0.3)","18.9 (-95.6, 66.4)","0.64","","110 (2.7) vs. 104 (2.6)","-4.5 (-36.7, 20.0)","0.75","","0.58","1","0.97"
"345","109 (2.7) vs. 105 (2.6)","-2.6 (-34.2, 21.5)","0.85","","10 (0.2) vs. 10 (0.2)","1.3 (-137.2, 58.9)","0.98","","0.94","1","0.97"
"346","13 (0.3) vs. 18 (0.4)","28.7 (-45.6, 65.0)","0.35","","106 (2.6) vs. 97 (2.4)","-8.1 (-42.3, 18.0)","0.58","","0.29","1","0.94"
"348","103 (2.5) vs. 100 (2.5)","-1.8 (-34.1, 22.7)","0.9","","16 (0.4) vs. 15 (0.4)","-5.5 (-113.5, 47.8)","0.88","","0.93","1","0.97"
"350","29 (0.7) vs. 20 (0.5)","-43.0 (-152.8, 19.1)","0.22","","90 (2.2) vs. 95 (2.4)","6.3 (-25.0, 29.8)","0.66","","0.19","1","0.93"
"351","80 (2) vs. 77 (1.9)","-2.6 (-40.4, 24.9)","0.87","","39 (1) vs. 38 (0.9)","-1.6 (-58.8, 35.0)","0.94","","0.96","1","0.98"
"352","69 (1.7) vs. 66 (1.6)","-3.4 (-44.9, 26.2)","0.85","","50 (1.2) vs. 49 (1.2)","-0.8 (-49.5, 32.0)","0.97","","0.93","1","0.97"
"354g","103 (2.5) vs. 100 (2.5)","-1.8 (-34.1, 22.7)","0.9","","16 (0.4) vs. 15 (0.4)","-5.6 (-113.6, 47.8)","0.88","","0.93","1","0.97"
"355","57 (1.4) vs. 57 (1.4)","1.2 (-42.6, 31.6)","0.95","","62 (1.5) vs. 58 (1.4)","-5.7 (-51.2, 26.1)","0.76","","0.8","1","0.97"
"356","87 (2.1) vs. 88 (2.2)","2.3 (-31.4, 27.3)","0.88","","32 (0.8) vs. 27 (0.7)","-17.2 (-95.6, 29.8)","0.54","","0.55","1","0.97"
"357","82 (2) vs. 78 (1.9)","-3.9 (-41.7, 23.8)","0.81","","37 (0.9) vs. 37 (0.9)","1.1 (-55.9, 37.3)","0.96","","0.86","1","0.97"
"358","7 (0.2) vs. 15 (0.4)","53.8 (-13.2, 81.2)","0.091","","112 (2.7) vs. 100 (2.5)","-10.7 (-45.0, 15.5)","0.46","","0.067","1","0.84"
"360","19 (0.5) vs. 16 (0.4)","-17.6 (-128.8, 39.5)","0.63","","100 (2.5) vs. 99 (2.5)","0.2 (-31.8, 24.4)","0.99","","0.66","1","0.97"
"362","19 (0.5) vs. 15 (0.4)","-25.3 (-146.5, 36.3)","0.51","","100 (2.5) vs. 100 (2.5)","1.1 (-30.4, 25.1)","0.94","","0.53","1","0.97"
"363","57 (1.4) vs. 58 (1.4)","2.8 (-40.2, 32.5)","0.88","","62 (1.5) vs. 57 (1.4)","-7.4 (-53.9, 25.0)","0.7","","0.7","1","0.97"
"365","101 (2.5) vs. 92 (2.3)","-8.5 (-44.0, 18.2)","0.57","","18 (0.4) vs. 23 (0.6)","22.7 (-43.3, 58.3)","0.41","","0.33","1","0.95"
"371","94 (2.3) vs. 90 (2.2)","-3.3 (-37.9, 22.6)","0.83","","25 (0.6) vs. 25 (0.6)","1.3 (-71.7, 43.3)","0.96","","0.89","1","0.97"
"372","104 (2.6) vs. 104 (2.6)","1.1 (-29.7, 24.7)","0.93","","15 (0.4) vs. 11 (0.3)","-34.9 (-193.7, 38.0)","0.45","","0.46","1","0.97"
"373","106 (2.6) vs. 104 (2.6)","-0.8 (-32.1, 23.1)","0.96","","13 (0.3) vs. 11 (0.3)","-16.9 (-160.9, 47.6)","0.7","","0.73","1","0.97"
"375","111 (2.7) vs. 108 (2.7)","-1.6 (-32.5, 22.0)","0.9","","8 (0.2) vs. 7 (0.2)","-12.4 (-210.1, 59.2)","0.82","","0.84","1","0.97"
"377","111 (2.7) vs. 106 (2.6)","-3.5 (-35.1, 20.7)","0.8","","8 (0.2) vs. 9 (0.2)","12.2 (-127.6, 66.1)","0.79","","0.75","1","0.97"
"386","109 (2.7) vs. 107 (2.7)","-0.7 (-31.5, 22.9)","0.96","","10 (0.2) vs. 8 (0.2)","-23.2 (-212.3, 51.4)","0.66","","0.68","1","0.97"
"388","82 (2) vs. 83 (2.1)","2.3 (-32.5, 28.0)","0.88","","37 (0.9) vs. 32 (0.8)","-14.3 (-83.5, 28.8)","0.58","","0.58","1","0.97"
"389","24 (0.6) vs. 20 (0.5)","-18.6 (-114.6, 34.5)","0.57","","95 (2.3) vs. 95 (2.4)","1.1 (-31.4, 25.6)","0.94","","0.59","1","0.97"
"395e","111 (2.7) vs. 106 (2.6)","-3.5 (-35.1, 20.7)","0.8","","8 (0.2) vs. 9 (0.2)","12.0 (-128.1, 66.0)","0.79","","0.75","1","0.97"
"414","112 (2.7) vs. 106 (2.6)","-4.4 (-36.2, 19.9)","0.75","","7 (0.2) vs. 9 (0.2)","22.9 (-107.0, 71.3)","0.61","","0.56","1","0.97"
"415","101 (2.5) vs. 93 (2.3)","-7.4 (-42.3, 19.0)","0.62","","18 (0.4) vs. 22 (0.5)","19.1 (-50.9, 56.6)","0.51","","0.42","1","0.96"
"416","89 (2.2) vs. 85 (2.1)","-3.5 (-39.3, 23.1)","0.82","","30 (0.7) vs. 30 (0.7)","1.1 (-64.0, 40.4)","0.96","","0.88","1","0.97"
"417","79 (1.9) vs. 79 (2)","1.2 (-35.0, 27.7)","0.94","","40 (1) vs. 36 (0.9)","-10.0 (-72.5, 29.9)","0.68","","0.71","1","0.97"
"419","96 (2.4) vs. 84 (2.1)","-13.0 (-51.4, 15.7)","0.41","","23 (0.6) vs. 31 (0.8)","26.6 (-25.9, 57.2)","0.26","","0.17","1","0.93"
"421","8 (0.2) vs. 6 (0.1)","-31.5 (-279.0, 54.4)","0.61","","111 (2.7) vs. 109 (2.7)","-0.7 (-31.2, 22.7)","0.96","","0.63","1","0.97"
"423","96 (2.4) vs. 101 (2.5)","6.1 (-24.2, 29.0)","0.66","","23 (0.6) vs. 14 (0.3)","-62.7 (-216.1, 16.3)","0.15","","0.14","1","0.9"
"426","109 (2.7) vs. 104 (2.6)","-3.6 (-35.6, 20.8)","0.8","","10 (0.2) vs. 11 (0.3)","10.2 (-111.4, 61.9)","0.81","","0.76","1","0.97"
"429$^{\P}$","27 (0.7) vs. 44 (1.1)","39.3 (2.0, 62.4)","0.041","","92 (2.3) vs. 71 (1.8)","-28.1 (-74.5, 6.0)","0.12","","0.01","0.75","0.56"
"432","98 (2.4) vs. 90 (2.2)","-7.6 (-43.3, 19.2)","0.62","","21 (0.5) vs. 25 (0.6)","16.8 (-48.6, 53.4)","0.53","","0.43","1","0.96"
"434","108 (2.6) vs. 110 (2.7)","2.9 (-26.6, 25.6)","0.83","","11 (0.3) vs. 5 (0.1)","-117.8 (-527.0, 24.3)","0.15","","0.15","1","0.92"
"439$^{\P}$","114 (2.8) vs. 102 (2.5)","-10.5 (-44.3, 15.4)","0.47","","5 (0.1) vs. 13 (0.3)","61.9 (-7.0, 86.4)","0.067","","0.05","1","0.82"
"440","14 (0.3) vs. 14 (0.3)","1.2 (-107.3, 52.9)","0.97","","105 (2.6) vs. 101 (2.5)","-2.8 (-35.1, 21.8)","0.84","","0.92","1","0.97"
"442","95 (2.3) vs. 93 (2.3)","-1.0 (-34.4, 24.1)","0.95","","24 (0.6) vs. 22 (0.5)","-7.9 (-92.4, 39.5)","0.8","","0.84","1","0.97"
"446","31 (0.8) vs. 30 (0.7)","-2.2 (-68.8, 38.1)","0.93","","88 (2.2) vs. 85 (2.1)","-2.3 (-37.9, 24.0)","0.88","","0.99","1","0.99"
"452","100 (2.5) vs. 99 (2.5)","0.2 (-31.8, 24.4)","0.99","","19 (0.5) vs. 16 (0.4)","-17.5 (-128.5, 39.6)","0.63","","0.66","1","0.97"
"455","24 (0.6) vs. 29 (0.7)","18.2 (-40.5, 52.4)","0.47","","95 (2.3) vs. 86 (2.1)","-9.2 (-46.2, 18.4)","0.55","","0.36","1","0.96"
"459","112 (2.7) vs. 107 (2.7)","-3.5 (-34.9, 20.6)","0.8","","7 (0.2) vs. 8 (0.2)","13.4 (-138.7, 68.6)","0.78","","0.74","1","0.97"
"464a","17 (0.4) vs. 12 (0.3)","-39.8 (-192.7, 33.2)","0.37","","102 (2.5) vs. 103 (2.6)","2.1 (-28.8, 25.5)","0.88","","0.37","1","0.96"
"464b","10 (0.2) vs. 19 (0.5)","47.9 (-12.1, 75.8)","0.095","","109 (2.7) vs. 96 (2.4)","-12.2 (-47.7, 14.7)","0.41","","0.064","1","0.84"
"464c","10 (0.2) vs. 8 (0.2)","-23.8 (-213.8, 51.1)","0.65","","109 (2.7) vs. 107 (2.7)","-0.7 (-31.5, 22.9)","0.96","","0.68","1","0.97"
"467","49 (1.2) vs. 51 (1.3)","5.0 (-40.6, 35.8)","0.8","","70 (1.7) vs. 64 (1.6)","-8.1 (-51.7, 23.0)","0.65","","0.62","1","0.97"
"471","15 (0.4) vs. 14 (0.3)","-5.9 (-119.4, 48.9)","0.88","","104 (2.6) vs. 101 (2.5)","-1.8 (-33.9, 22.6)","0.9","","0.92","1","0.97"
"474","60 (1.5) vs. 52 (1.3)","-14.2 (-65.5, 21.2)","0.48","","59 (1.4) vs. 63 (1.6)","7.5 (-31.9, 35.1)","0.67","","0.43","1","0.96"
"476","62 (1.5) vs. 53 (1.3)","-15.7 (-67.0, 19.8)","0.44","","57 (1.4) vs. 62 (1.5)","9.2 (-30.1, 36.6)","0.6","","0.36","1","0.96"
"481","109 (2.7) vs. 105 (2.6)","-2.6 (-34.2, 21.5)","0.85","","10 (0.2) vs. 10 (0.2)","1.3 (-137.1, 58.9)","0.98","","0.94","1","0.97"
"491","91 (2.2) vs. 91 (2.3)","1.1 (-32.2, 26.1)","0.94","","28 (0.7) vs. 24 (0.6)","-15.3 (-98.9, 33.2)","0.61","","0.62","1","0.97"
"492","89 (2.2) vs. 89 (2.2)","1.1 (-32.7, 26.3)","0.94","","30 (0.7) vs. 26 (0.6)","-13.9 (-92.7, 32.6)","0.63","","0.64","1","0.97"
"496","91 (2.2) vs. 85 (2.1)","-5.9 (-42.3, 21.2)","0.71","","28 (0.7) vs. 30 (0.7)","7.8 (-54.3, 44.9)","0.76","","0.65","1","0.97"
"500","26 (0.6) vs. 36 (0.9)","28.6 (-18.2, 56.9)","0.19","","93 (2.3) vs. 79 (2)","-16.4 (-57.1, 13.8)","0.32","","0.1","1","0.89"
"502","95 (2.3) vs. 89 (2.2)","-5.5 (-40.9, 21.0)","0.72","","24 (0.6) vs. 26 (0.6)","8.7 (-59.0, 47.6)","0.75","","0.65","1","0.97"
"507","88 (2.2) vs. 95 (2.4)","8.4 (-22.4, 31.5)","0.55","","31 (0.8) vs. 20 (0.5)","-53.2 (-168.8, 12.7)","0.14","","0.11","1","0.89"
"509","107 (2.6) vs. 105 (2.6)","-0.8 (-31.9, 23.0)","0.96","","12 (0.3) vs. 10 (0.2)","-18.5 (-174.2, 48.8)","0.69","","0.72","1","0.97"
"514a","112 (2.7) vs. 105 (2.6)","-5.4 (-37.6, 19.2)","0.7","","7 (0.2) vs. 10 (0.2)","30.6 (-82.4, 73.6)","0.46","","0.41","1","0.96"
"689","111 (2.7) vs. 109 (2.7)","-0.7 (-31.2, 22.7)","0.96","","8 (0.2) vs. 6 (0.1)","-31.5 (-279.0, 54.4)","0.61","","0.63","1","0.97"
"698","19 (0.5) vs. 12 (0.3)","-56.4 (-222.2, 24.1)","0.23","","100 (2.5) vs. 103 (2.6)","4.0 (-26.4, 27.1)","0.77","","0.22","1","0.94"
"699","107 (2.6) vs. 104 (2.6)","-1.7 (-33.2, 22.4)","0.9","","12 (0.3) vs. 11 (0.3)","-7.9 (-144.6, 52.4)","0.86","","0.89","1","0.97"
"700","96 (2.4) vs. 86 (2.1)","-10.4 (-47.6, 17.5)","0.51","","23 (0.6) vs. 29 (0.7)","21.6 (-35.5, 54.7)","0.38","","0.28","1","0.94"
"701","112 (2.7) vs. 109 (2.7)","-1.6 (-32.2, 22.0)","0.91","","7 (0.2) vs. 6 (0.1)","-15.6 (-244.1, 61.1)","0.79","","0.82","1","0.97"
"702","109 (2.7) vs. 98 (2.4)","-10.0 (-44.5, 16.3)","0.49","","10 (0.2) vs. 17 (0.4)","42.0 (-26.6, 73.4)","0.17","","0.13","1","0.89"
"703","113 (2.8) vs. 108 (2.7)","-3.4 (-34.6, 20.6)","0.8","","6 (0.1) vs. 7 (0.2)","15.0 (-152.9, 71.4)","0.77","","0.73","1","0.97"
"704","11 (0.3) vs. 8 (0.2)","-36.0 (-238.2, 45.3)","0.51","","108 (2.6) vs. 107 (2.7)","0.2 (-30.4, 23.6)","0.99","","0.52","1","0.97"
"705","108 (2.6) vs. 102 (2.5)","-4.7 (-37.2, 20.1)","0.74","","11 (0.3) vs. 13 (0.3)","16.4 (-86.6, 62.6)","0.66","","0.6","1","0.97"
"706","91 (2.2) vs. 91 (2.3)","1.2 (-32.1, 26.1)","0.94","","28 (0.7) vs. 24 (0.6)","-15.5 (-99.2, 33.0)","0.6","","0.62","1","0.97"
